sigma, tf,f1,f2,f3
27.4,223.85,0.901315789,4.972234562,1.603869349
28.4,143.93,0.934210526,3.197023545,1.162220235
29.4,84.92,0.967105263,1.886272768,0.634602802
30.4,45.02,1,1,0
