sigma, tf,f1,f2,f3
80,14698,0.842105263,22.33738602,3.106261778
85,4099,0.894736842,6.229483283,1.829293389
90,1074,0.947368421,1.632218845,0.489940344
95,658,1,1,0
100,334,1.052631579,0.507598784,-0.678063938
105,77,1.105263158,0.117021277,-2.145399509
