sigma, tf,f1,f2,f3
27.4,140.51,0.901315789,31.43400447,3.447890252
28.4,75.28,0.934210526,16.84116331,2.823826087
29.4,27.97,0.967105263,6.257270694,1.833744099
30.4,4.47,1,1,0
